,make,model,price,total_weight,motor_nominal_output,estimated_min_range,estimated_max_range,battery_watt_hours
0,Specialized,TurboVadoSL4.0EQ,3500.0,36.9,240.0,35.0,75.0,331.2
1,iGOElectric,CoreExtreme2.0,1999.0,71.5,500.0,30.0,50.0,624.0
2,Aventon,Level,1599.0,58.6,500.0,30.0,57.0,672.0
3,Riese&amp;Müller,DeliteGTRohloff,8759.0,62.8,250.0,35.0,80.0,482.4
4,SONDORS,FoldXS,1699.0,68.9,750.0,30.0,50.0,672.0
5,Synergy,Kahuna,1899.0,65.1,750.0,25.0,45.0,672.0
6,KONA,DEW-E,2999.0,43.0,250.0,40.0,90.0,396.0
7,CUBE,TownSportHybridOne400,2599.0,53.9,250.0,40.0,90.0,396.0
8,Aventon,Sinch,1499.0,67.6,500.0,30.0,71.0,672.0
9,SONDORS,SmartStep,999.0,55.6,350.0,20.0,30.0,374.4
10,Gazelle,UltimateT10+HMB,3999.0,57.3,250.0,30.0,120.0,482.4
11,Electra,TowniePathGo!10DEQ,3699.0,55.9,250.0,45.0,90.0,482.4
12,Electra,ValeGo!9DEQ,3299.0,53.7,250.0,45.0,105.0,482.4
13,Trek,Allant+7,3599.0,47.4,250.0,30.0,120.0,482.4
14,RIZEBikes,Blade,1699.0,68.5,750.0,30.0,70.0,768.0
15,AddMotoR,MOTANM-66R7,1799.0,74.0,750.0,30.0,55.0,556.8
16,Specialized,TurboCreoSLExpert,9000.0,28.8,240.0,35.0,75.0,331.2
17,DŌST,DROP,2799.0,64.9,750.0,30.0,120.0,672.0
18,DŌST,KOPE,2799.0,65.2,750.0,30.0,120.0,672.0
19,RadPowerBikes,RadCityStep-Thru3,1499.0,65.2,750.0,30.0,50.0,672.0
20,Magnum,Payload,2499.0,80.5,500.0,25.0,75.0,624.0
21,Surface604,BoarHunter,2499.0,67.0,500.0,25.0,45.0,499.2
22,RadPowerBikes,RadMiniStep-Thru2,1499.0,69.0,750.0,25.0,45.0,672.0
23,Specialized,TurboLevoSLExpertCarbon,9025.0,38.8,240.0,30.0,70.0,331.2
24,FuroSystems,eTura,1789.0,28.25,250.0,10.0,31.0,313.0
25,RadPowerBikes,RadRover5,1499.0,69.6,750.0,25.0,45.0,672.0
26,Magnum,Classic48,2049.0,61.3,500.0,25.0,55.0,624.0
27,RadPowerBikes,RadCity4,1499.0,63.6,750.0,30.0,50.0,672.0
28,RadPowerBikes,RadRoverStep-Thru1,1499.0,71.4,750.0,25.0,45.0,672.0
29,RadPowerBikes,RadRhinoStep-Thru1,1699.0,71.4,250.0,30.0,50.0,672.0
30,RadPowerBikes,RadMini4,1499.0,68.3,750.0,25.0,45.0,672.0
31,RadPowerBikes,RadMini4(EUVersion),1699.0,68.3,250.0,30.0,50.0,672.0
32,Specialized,TurboCreoSLCompCarbonEVO,6500.0,31.6,240.0,35.0,75.0,331.2
33,Trek,Verve+2,2499.0,52.2,250.0,38.0,88.0,396.0
34,OHM,Cruise,2899.0,49.7,250.0,60.0,120.0,508.2
35,Specialized,TurboS-WorksLevoSL,13525.0,38.0,240.0,30.0,70.0,331.2
36,Electra,TownieGo!7D,1499.0,49.3,250.0,20.0,40.0,309.6
37,Qualisports,Beluga,1399.0,64.0,500.0,25.0,45.0,504.0
38,Eahora,SnowX6,1290.0,50.6,350.0,30.0,75.0,624.0
39,BPMImports,F-15RZ,1595.0,69.2,750.0,30.0,100.0,1008.0
40,Magnum,Ranger,2499.0,74.2,750.0,25.0,75.0,624.0
41,Himiway,Cruiser,1499.0,71.5,750.0,30.0,60.0,840.0
42,Ride1Up,700Series,1449.0,62.2,500.0,30.0,60.0,672.0
43,Ride1Up,500Series,1099.0,55.7,500.0,25.0,50.0,499.2
44,LectriceBikes,LectricXP,999.0,62.2,500.0,25.0,50.0,499.2
45,Gazelle,UltimateT10HMB,3799.0,57.3,250.0,30.0,70.0,482.4
46,AddMotoR,HITHOTH1Platinum,1999.0,60.3,500.0,30.0,50.0,556.0
47,Velec,CITI,2099.0,42.8,350.0,15.0,105.0,252.0
48,Gocycle,GX,3299.0,40.4,500.0,20.0,50.0,292.14
49,BULLS,COPPERHEADEVOAM3,5899.0,56.5,250.0,40.0,100.0,626.4
50,Nakto,Classic,749.0,58.7,250.0,10.0,25.0,374.4
51,OHM,Quest,3399.0,52.9,250.0,60.0,120.0,508.2
52,SoulFastEBikes,SonicStomperSS,4895.0,72.0,1000.0,30.0,60.0,696.0
53,OHM,Discover,2899.0,49.4,250.0,60.0,120.0,508.2
54,CUBE,EllyCruiseHybrid400,2999.0,54.4,250.0,30.0,60.0,396.0
55,BULLS,E-STREAMEVOAM427.5+,6299.0,56.5,250.0,40.0,100.0,750.0
56,BPMImports,F-35X,1695.0,72.75,750.0,20.0,40.0,672.0
57,e-Joe,EpikCarbon,1399.0,58.8,500.0,25.0,55.0,504.0
58,Surface604,Colt,1999.0,57.2,500.0,25.0,60.0,499.2
59,Espin,Reine,1799.0,54.9,500.0,30.0,50.0,672.0
60,Espin,Reine,1799.0,54.9,500.0,30.0,50.0,672.0
61,FLX,BabyMaker,1999.0,33.2,250.0,10.0,35.0,252.0
62,BULLS,URBANEVO10,4699.0,54.6,350.0,40.0,100.0,626.4
63,Surface604,Shred,2090.0,57.3,500.0,20.0,45.0,499.2
64,Espin,Reine,2000.0,52.9,250.0,40.0,80.0,522.0
65,BULLS,WILDFLOWEVORS,5999.0,42.2,250.0,20.0,50.0,252.0
66,UrbanDrivestyle,UNIMoke,2990.0,80.0,500.0,18.0,40.0,696.0
67,EG,Kyoto350,1499.0,52.8,350.0,25.0,50.0,624.0
68,PEGASUS,PREMIOSPEED,3599.0,54.9,250.0,30.0,80.0,482.4
69,Magnum,Classic48,1599.0,57.1,500.0,25.0,55.0,624.0
70,Surface604,Rook,1999.0,56.8,500.0,25.0,60.0,499.2
71,Pedego,Conveyor,4995.0,55.4,250.0,25.0,45.0,468.0
72,Magnum,Mi6,1699.0,56.0,500.0,25.0,55.0,624.0
73,Giant,ExploreE+4GTS,2500.0,49.0,250.0,25.0,55.0,406.8
74,Haibike,XDUROALLMTN2.0,4699.0,51.7,250.0,40.0,120.0,489.6
75,BULLS,ALPINEHAWKEVO,5799.0,33.1,250.0,20.0,50.0,252.0
76,Nakto,SuperCruiser,1299.0,72.0,500.0,18.0,35.0,576.0
77,MODBIKES,Black,3490.0,59.8,350.0,30.0,70.0,556.8
78,BULLS,DESERTFALCONEVO,6299.0,41.5,250.0,30.0,80.0,482.4
79,Rattan,FatBearPlus,1499.0,59.2,500.0,40.0,60.0,499.0
80,PEGASUS,PREMIOCROSS,2799.0,52.5,250.0,37.0,118.0,482.4
81,Propella,3.07-Speed,1299.0,38.3,250.0,15.0,35.0,252.0
82,M2S,AllTerrainM600FS,3499.0,59.5,500.0,40.0,60.0,672.0
83,Magnum,Ui6,1699.0,60.1,500.0,25.0,55.0,624.0
84,Revolve,60+Miles,1950.0,85.5,500.0,60.0,80.0,1680.0
85,Nakto,Camel,649.0,60.0,250.0,10.0,25.0,374.4
86,M2S,AllTerrainScout,1399.0,65.12,500.0,15.0,34.0,500.0
87,Giant,TranceE+1Pro,5565.0,54.6,250.0,30.0,60.0,496.8
88,GoPower,Express2019,1250.0,60.2,500.0,20.0,35.0,480.0
89,Magnum,LowRider,2249.0,59.9,500.0,25.0,55.0,624.0
90,Qualisports,Dolphin,1299.0,47.7,350.0,20.0,60.0,504.0
91,E-Lux,MalibuGT,2995.0,67.2,750.0,45.0,70.0,1008.0
92,Raleigh,Retroglide2.0iE,1999.0,47.7,250.0,30.0,60.0,396.0
93,NCM,Aspen,1699.0,59.3,500.0,30.0,65.0,624.0
94,AddMotoR,MOTANM-330P7,2799.0,74.1,750.0,30.0,55.0,696.0
95,Magnum,Ui6+,1699.0,58.9,500.0,25.0,55.0,624.0
96,EUNORAU,NEW-TRIKE,2299.0,80.5,500.0,10.0,25.0,500.0
97,Giant,LaFreeE+2,2000.0,51.9,250.0,30.0,65.0,409.0
98,Xtracycle,RFA,4497.0,64.0,250.0,30.0,160.0,482.4
99,BatchBicycles,E-Commuter,1999.0,47.0,250.0,30.0,80.0,400.0
100,EUNORAU,E-FAT-MN,1199.0,63.6,500.0,20.0,35.0,500.0
101,e-Joe,EpikSwan350,1499.0,56.9,350.0,25.0,50.0,504.0
102,Tower,BeachBum,1695.0,51.5,500.0,25.0,60.0,672.0
103,LivCycles,IntrigueE+1Pro,4830.0,53.2,250.0,30.0,60.0,496.8
104,Ancheer,PowerPlusElectricMountainBike,799.0,47.5,250.0,8.0,18.0,288.0
105,JupiterBike,Discovery,1295.0,42.0,250.0,8.0,30.0,187.0
106,MODBIKES,City+,1990.0,58.8,350.0,25.0,45.0,576.0
107,Raleigh,Venture2.0iE,2599.0,48.1,250.0,37.0,118.0,482.4
108,RadPowerBikes,RadRunner,1199.0,64.0,750.0,25.0,45.0,672.0
109,Haibike,SDUROFULLSEVENLT9.0,5599.0,56.0,250.0,30.0,60.0,482.4
110,EVELO,AuroraHub-Drive,2199.0,65.2,750.0,25.0,40.0,500.0
111,RadPowerBikes,RadBurro,5799.0,227.0,750.0,40.0,80.0,2520.0
112,Amego,InfiniteStep-Thru,1999.0,58.7,500.0,30.0,65.0,624.0
113,MODBIKES,Easy,3290.0,69.8,500.0,25.0,45.0,624.0
114,RadPowerBikes,RadRunner,1299.0,64.0,250.0,30.0,50.0,672.0
115,SparkBikes,Blade,1699.0,65.9,500.0,30.0,60.0,816.0
116,Blix,Sol,1499.0,64.5,500.0,19.0,40.0,672.0
117,ElectricBikeCompany,ModelX,1499.0,53.0,500.0,28.0,70.0,556.8
118,BUZZ,BUZZ,1499.0,57.3,350.0,13.0,30.0,374.0
119,EVELO,AriesMid-Drive,3499.0,62.2,750.0,25.0,40.0,500.0
120,Blix,Aveny,1599.0,54.0,500.0,19.0,40.0,672.0
121,EVELO,AriesHub-Drive,2499.0,62.2,750.0,25.0,40.0,500.0
122,EG,Geneva500EX,2599.0,65.0,500.0,30.0,60.0,672.0
123,EMOJO,Panther,2199.0,66.7,500.0,25.0,45.0,499.2
124,MODBIKES,Berlin,2590.0,54.0,350.0,25.0,60.0,417.6
125,Motiv,Sherpa,2499.0,70.2,500.0,35.0,60.0,768.0
126,VintageElectric,Roadster,6995.0,85.5,750.0,30.0,75.0,1128.0
127,Blix,Vika+,1599.0,54.8,500.0,19.0,40.0,672.0
128,Raleigh,MisceoiE,1799.0,55.1,250.0,15.0,50.0,417.6
129,BULLS,E-COREEVOAMDi227.5+,6899.0,57.4,250.0,40.0,90.0,748.8
130,BULLS,E-COREEVOAMDi227.5+,6899.0,57.4,250.0,40.0,90.0,748.8
131,ElectricBikeTechnologies,ElectricFoldingBike,2600.0,54.8,350.0,12.0,25.0,336.0
132,Raleigh,TokuliE,2999.0,50.2,350.0,30.0,65.0,396.0
133,ElectricBikeCompany,ModelY,1499.0,57.7,500.0,25.0,50.0,504.0
134,Wildsyde,TheBeast,1995.0,62.0,500.0,24.0,40.0,468.0
135,EnzoeBikes,FoldingElectricBike,1850.0,49.5,350.0,20.0,40.0,374.4
136,Haibike,XDURONDURO3.0,5299.0,56.3,250.0,30.0,60.0,482.4
137,EG,Athens350,1299.0,53.2,350.0,20.0,40.0,360.0
138,Haibike,SDUROTrekkingS9.0,4699.0,59.3,350.0,30.0,110.0,482.4
139,Qualisports,Nemo,899.0,34.8,250.0,10.0,30.0,252.0
140,SparkBikes,SparkRX,2399.0,61.0,500.0,30.0,80.0,816.0
141,ElectricBikeTechnolgies,ElectricCruiserBike,2600.0,59.4,500.0,25.0,50.0,672.0
142,EMOJO,CaddyTrike,2799.0,90.1,500.0,30.0,65.0,720.0
143,ElectricBikeCompany,ModelC,1999.0,56.8,500.0,25.0,50.0,556.8
144,E-Lux,MalibuSport,2295.0,60.8,500.0,30.0,55.0,672.0
145,Riese&amp;Müller,ChargerGHVario,5817.0,63.1,350.0,30.0,160.0,482.4
146,RamboBikes,750XPCarbon,3999.0,68.0,750.0,15.0,556.0,500.0
147,Biktrix,Stunner-X,1999.0,72.0,750.0,12.0,30.0,576.0
148,ElectricBikeTechnologies,ElectricEZ-3HD,2968.0,99.0,500.0,10.0,20.0,480.0
149,NCM,MoscowPlus,1899.0,56.1,500.0,40.0,95.0,768.0
150,ElectricBikeTechnologies,ElectricCityBike,2800.0,59.8,350.0,25.0,50.0,672.0
151,Amego,Infinite,1999.0,58.4,500.0,30.0,65.0,624.0
152,RamboBikes,75026-Inch,2699.0,63.8,750.0,15.0,40.0,500.0
153,SparkBikes,SparkMini,1599.0,63.4,500.0,30.0,60.0,816.0
154,ElectricBikeTechnologies,ElectricSunTraditionalTricycle,1683.0,79.0,500.0,12.0,26.0,360.0
155,CIVIBIKES,Runabout,1499.0,59.0,500.0,15.0,30.0,696.0
156,ElectricBikeTechnologies,ElectricEcoDeltaTrike,2108.0,72.0,500.0,15.0,35.0,360.0
157,VintageElectric,Scrambler,6995.0,85.5,750.0,30.0,75.0,1128.0
158,Biktrix,StunnerLT,1999.0,70.5,750.0,13.0,35.0,500.0
159,VintageElectric,Rally,4995.0,59.0,750.0,5.0,40.0,500.0
160,VintageElectric,Rally,4995.0,59.0,750.0,5.0,40.0,500.0
161,Biktrix,JuggernautClassicHD,2599.0,75.0,1000.0,9.0,32.0,576.0
162,RockyMountain,InstinctPowerplay,5299.0,53.0,250.0,15.0,45.0,500.0
163,Biktrix,KuttyLT,1899.0,61.6,750.0,15.0,35.0,556.8
164,LibertyTrike,ElectricTricycle,1498.0,80.0,500.0,15.0,35.0,288.0
165,RamboBikes,R1000XPC,4699.0,69.3,1000.0,11.0,35.0,696.0
166,Aventon,Pace350,999.0,46.1,350.0,25.0,50.0,417.6
167,Gepida,FastidaX10,3995.0,53.5,250.0,37.0,92.0,482.4
168,RockyMountain,AltitudePowerplay,9199.0,51.7,250.0,15.0,45.0,500.0
169,PivotCycles,Shuttle,9999.0,46.9,250.0,30.0,60.0,500.0
170,Biktrix,Stunner,2199.0,64.0,750.0,12.0,30.0,576.0
171,FLX,Trail,2699.0,44.5,500.0,20.0,50.0,500.0
172,Yuba,Supermarché,5999.0,78.0,350.0,30.0,60.0,482.4
173,FLX,Roadster,1999.0,41.5,500.0,20.0,50.0,500.0
174,Specialized,TurboVado5.0,5150.0,52.6,250.0,30.0,75.0,604.8
175,Riese&amp;Müller,SuperchargerGXRohloffHS,8759.0,67.2,350.0,60.0,160.0,964.8
176,Specialized,TurboComo5.0,4150.0,51.5,250.0,30.0,75.0,604.8
177,BULLS,TWENTY9EVO1,3899.0,53.8,250.0,30.0,85.0,482.4
178,Biktrix,JuggernautUltraFS,3399.0,77.3,750.0,9.0,30.0,696.0
179,Gepida,THORISXT10,4495.0,66.0,350.0,15.0,55.0,482.4
180,VoltBike,Outback,1699.0,61.8,500.0,20.0,45.0,696.0
181,BULLS,TWENTY8E45,4599.0,59.9,350.0,30.0,80.0,482.4
182,Specialized,TurboComo4.0,3350.0,48.7,250.0,25.0,60.0,504.0
183,EUNORAU,MAX-CARGO,1599.0,72.0,750.0,13.0,32.0,500.0
184,ArielRider,N-Class,1699.0,61.5,750.0,20.0,50.0,595.2
185,VoltBike,Urban,1199.0,51.8,350.0,20.0,50.0,468.0
186,Specialized,TurboKenevoExpert,7550.0,53.8,250.0,28.0,60.0,504.0
187,Specialized,TurboVado4.0,3550.0,52.9,250.0,25.0,60.0,504.0
188,RadPowerBikes,RadWagon(EUVersion),1799.0,73.5,750.0,30.0,50.0,672.0
189,BULLS,E-STREAMEVOAM427.5+,6299.0,55.1,250.0,40.0,100.0,750.0
190,VoltBike,Mariner,1599.0,69.8,500.0,30.0,65.0,696.0
191,ArielRider,D-Class,1999.0,74.6,750.0,20.0,60.0,696.0
192,BULLS,CROSSLITEEVO,4899.0,52.5,250.0,40.0,100.0,626.4
193,Haibike,XDUROALLMTN6.0,6699.0,56.2,350.0,30.0,60.0,482.4
194,RadPowerBikes,RadRover,1799.0,72.2,750.0,25.0,45.0,672.0
195,BULLS,E-STREAMEVOAM327.5+,5799.0,55.4,250.0,40.0,100.0,750.0
196,Xtracycle,EdgerunnerSwoop,4497.0,62.0,250.0,30.0,160.0,482.4
197,CaliforniaBicycleFactory,RetroR,2699.0,67.9,500.0,10.0,30.0,384.0
198,Gazelle,CityZenT9HMB,2499.0,53.4,350.0,30.0,70.0,482.4
199,Specialized,TurboComo3.0,2950.0,46.5,250.0,20.0,50.0,460.8
200,VoltBike,Enduro,1999.0,59.5,350.0,35.0,80.0,696.0
201,BULLS,MONSTERES,4899.0,52.0,350.0,25.0,70.0,482.4
202,BULLS,E-COREEVOENDi227.5+,8499.0,56.3,250.0,40.0,90.0,748.8
203,Surly,BigEasy,5000.0,68.5,250.0,30.0,160.0,482.4
204,VoltBike,Elegant,1599.0,56.0,500.0,25.0,60.0,614.4
205,Specialized,TurboLevoExpert,8250.0,47.8,250.0,30.0,80.0,700.0
206,Qualisports,Volador,1099.0,40.0,350.0,10.0,30.0,252.0
207,Blix,Sol,1599.0,72.0,500.0,25.0,75.0,504.0
208,EUNORAU,FAT-HD,2399.0,62.0,1000.0,10.0,45.0,748.8
209,Tern,VektronQ9,3199.0,48.2,250.0,30.0,80.0,396.0
210,Yamaha,CrossCore,2399.0,44.6,250.0,30.0,80.0,489.6
211,VoltBike,Bravo,1599.0,59.4,500.0,25.0,60.0,614.4
212,Revolve,TheChopper,1800.0,63.2,500.0,25.0,40.0,624.0
213,VoltBike,Yukon750,1699.0,67.0,750.0,35.0,75.0,768.0
214,BULLS,LACUBAEVOLITE,4799.0,54.7,250.0,40.0,100.0,750.0
215,CaliforniaBicycleFactory,RetroS,2499.0,50.0,250.0,15.0,35.0,384.0
216,AddMotoR,M-60L7,1799.0,77.2,750.0,20.0,50.0,556.8
217,FTHPower,X2-FAbyss,1999.0,79.0,750.0,40.0,80.0,1113.6
218,EUNORAU,FAT-AWD,1700.0,62.0,750.0,7.0,30.0,480.0
219,IZIP,E3Brio,1699.0,55.3,250.0,15.0,50.0,417.6
220,Tern,GSDS00,4999.0,71.5,250.0,30.0,160.0,482.4
221,UrbanArrow,Family,5995.0,104.0,250.0,20.0,50.0,417.6
222,MAXFOOT,MF19,2599.0,60.4,750.0,30.0,60.0,672.0
223,Yamaha,CrossConnect,2999.0,49.4,250.0,30.0,80.0,489.6
224,IZIP,E3Edge,1999.0,52.2,350.0,25.0,50.0,417.6
225,Aventon,Pace500,1399.0,49.8,500.0,30.0,60.0,556.8
226,IZIP,E3Loma,1699.0,55.2,250.0,15.0,50.0,396.0
227,Raleigh,ReduxiE,3499.0,51.2,350.0,25.0,65.0,482.4
228,IZIP,E3Simi,1599.0,52.3,250.0,15.0,50.0,417.6
229,RadPowerBikes,RadRover,1499.0,68.0,750.0,25.0,45.0,672.0
230,RadPowerBikes,2019RadMiniStep-Thru,1499.0,68.0,750.0,25.0,45.0,672.0
231,RadPowerBikes,2019RadMiniHigh-Step,1499.0,67.0,750.0,25.0,45.0,672.0
232,RadPowerBikes,RadCityStep-Thru,1499.0,65.0,750.0,25.0,45.0,672.0
233,RadPowerBikes,RadCity3,1499.0,63.0,750.0,25.0,45.0,672.0
234,RadPowerBikes,RadWagon,1499.0,73.0,750.0,25.0,45.0,672.0
235,Raleigh,DetouriE,2299.0,48.3,250.0,30.0,60.0,417.6
236,IZIP,E3TRLZ,1599.0,52.1,250.0,15.0,50.0,417.6
237,Raleigh,LoreDSiE,4599.0,57.0,350.0,25.0,65.0,482.4
238,Gazelle,ArroyoC8HMBElite,3599.0,58.2,250.0,40.0,100.0,482.4
239,BULLS,SIX50EVOAM4,7899.0,54.4,250.0,30.0,85.0,482.4
240,BULLS,ICONICEVOTR1,5099.0,60.4,350.0,30.0,85.0,482.4
241,BULLS,GRINDEREVO,4999.0,52.5,350.0,30.0,85.0,482.4
242,PEGASUS,PREMIOSPORT,3799.0,57.5,250.0,40.0,100.0,482.4
243,EUNORAU,E-TORQUE,1599.0,54.5,350.0,20.0,45.0,450.0
244,Gazelle,MedeoT9,1999.0,50.0,250.0,40.0,100.0,396.0
245,BULLS,AMINGAEVOTR2,4899.0,54.7,250.0,30.0,85.0,482.4
246,E-Lux,TahoeSport,2995.0,78.0,750.0,30.0,65.0,960.0
247,Trek,DualSport+,3599.0,45.7,250.0,40.0,100.0,482.4
248,E-Lux,Monaco,1995.0,54.7,500.0,25.0,55.0,504.0
249,E-Lux,Monaco,1995.0,54.7,500.0,25.0,55.0,504.0
250,BULLS,E-STREAMEVO45AM,5499.0,55.9,250.0,35.0,85.0,647.5
251,EVELO,Galaxy24,2999.0,57.2,350.0,25.0,55.0,468.0
252,PEGASUS,PREMIOE8,3899.0,54.5,250.0,40.0,100.0,482.4
253,Riese&amp;Müller,MultichargerVario,5809.0,75.9,250.0,30.0,160.0,482.4
254,Motiv,Stash,1549.0,49.9,350.0,15.0,30.0,324.0
255,PEGASUS,PREMIONu,4699.0,63.9,250.0,30.0,85.0,482.4
256,Riese&amp;Müller,CultureGTVario,6289.0,71.2,250.0,30.0,85.0,482.4
257,BULLS,STURMVOGELEVOStreet,3999.0,58.2,250.0,35.0,100.0,647.5
258,Velec,R48,2299.0,65.5,500.0,25.0,55.0,528.0
259,BULLS,CrossLiteEVO,4399.0,49.9,250.0,30.0,85.0,482.4
260,Riese&amp;Müller,Load75TouringHS,8329.0,85.0,350.0,30.0,160.0,482.4
261,Optibike,R15CCarbonFiber,13900.0,66.5,1650.0,50.0,100.0,1534.0
262,EccoBike,Nashorn,1649.0,66.5,750.0,15.0,30.0,624.0
263,Riese&amp;Müller,NevoGXRohloff,7099.0,62.5,250.0,30.0,160.0,482.4
264,Trivel,E-Azteca,3695.0,78.5,350.0,20.0,45.0,499.2
265,CIVIBIKES,Cheetah,2299.0,75.8,750.0,20.0,50.0,624.0
266,Riese&amp;Müller,HomageGTTouringHS,6759.0,73.6,350.0,30.0,160.0,482.4
267,AddMotoR,MOTANM-560,1699.0,68.0,500.0,15.0,30.0,499.2
268,CIVIBIKES,Rebel1.0,1299.0,60.0,500.0,15.0,30.0,624.0
269,EVELO,DeltaX,3999.0,64.7,750.0,20.0,45.0,556.8
270,Fantic,XF1IntegraEnduro160,6490.0,55.0,250.0,35.0,90.0,630.0
271,CIVIBIKES,Predator,1399.0,62.4,500.0,15.0,30.0,624.0
272,CUBE,ReactionHybridPro500,3399.0,52.8,250.0,30.0,85.0,482.4
273,Raleigh,RetroglideiE,2374.0,54.9,350.0,20.0,50.0,417.6
274,E-Lux,Sierra,1599.0,61.5,500.0,25.0,50.0,504.0
275,CUBE,TouringHybridPro400,3399.0,52.0,250.0,40.0,90.0,396.0
276,ArielRider,W-Class,1799.0,64.3,500.0,35.0,85.0,844.8
277,IZIP,E3Vida,2749.0,47.0,250.0,38.0,88.0,396.0
278,EVELO,Compass,3299.0,85.5,500.0,20.0,45.0,556.8
279,Fantic,Gravel-X,4290.0,48.0,250.0,45.0,90.0,416.1
280,Motiv,Werks,2995.0,59.0,700.0,25.0,60.0,768.0
281,Optibike,RockyMountainCommuter,3995.0,54.2,500.0,20.0,60.0,429.2
282,Propella,2.27-Speed,1299.0,37.6,250.0,15.0,35.0,244.8
283,EVELO,Aurora,2999.0,64.3,500.0,25.0,45.0,499.2
284,SONDORS,FoldSport,999.0,55.1,350.0,20.0,40.0,313.2
285,EasyMotion,AtomDiamondWavePro,2999.0,59.3,250.0,40.0,85.0,604.8
286,EasyMotion,RebelLynx5.527.5+PW-X,4999.0,51.2,250.0,48.0,65.0,489.6
287,OHM,City,2999.0,55.3,350.0,30.0,75.0,556.8
288,ArielRider,C-Class,1699.0,66.2,500.0,30.0,70.0,604.8
289,IZIP,E3Moda,2999.0,52.8,350.0,30.0,60.0,496.8
290,Blix,Sol,1599.0,48.9,350.0,20.0,55.0,396.0
291,PureCycles,Volta8-Speed,1999.0,37.9,250.0,10.0,25.0,243.6
292,Gazelle,NLC7HMB,2499.0,62.8,250.0,40.0,100.0,482.4
293,Trek,Powerfly7LT,5499.0,52.3,250.0,30.0,80.0,482.4
294,Haibike,XDUROAllMtn8.0,5000.0,52.3,250.0,48.0,108.0,489.6
295,Gazelle,CityZenSpeedT10,2999.0,54.6,350.0,40.0,85.0,482.4
296,M2SBikes,AllTerrainUltra,2950.0,74.2,750.0,20.0,60.0,696.0
297,Amego,Freedom,1349.0,51.2,350.0,20.0,55.0,480.0
298,Moustache,Samedi28.3Open,3399.0,56.0,250.0,30.0,75.0,482.4
299,Raleigh,LoreiE,3499.0,49.6,350.0,25.0,65.0,482.4
300,ElectricBikeCompany,2018ModelC,1950.0,69.2,500.0,20.0,120.0,556.8
301,Raleigh,VentureiE,2499.0,47.0,250.0,38.0,88.0,396.0
302,EasyMotion,RebelGravel-XPW,3399.0,42.0,250.0,40.0,105.0,396.0
303,Velec,R48M,3399.0,68.0,350.0,25.0,65.0,528.0
304,IZIP,E3PeakDS,3999.0,52.4,250.0,26.0,85.0,482.4
305,Pedego,CityCommuterMidDrive,2995.0,62.8,500.0,25.0,80.0,480.0
306,Trek,SuperCommuter+7,3599.0,51.7,250.0,30.0,90.0,482.4
307,M2SBikes,AllTerrainR750,1750.0,69.2,750.0,20.0,60.0,768.0
308,ArielRider,M-Class,1599.0,47.5,500.0,25.0,75.0,556.8
309,HillTopper,FolderMTB,1199.0,49.2,350.0,15.0,60.0,396.0
310,Blix,Vika+,1649.0,49.6,350.0,20.0,55.0,396.0
311,Gazelle,ArroyoC8HMB,3499.0,57.8,250.0,40.0,100.0,482.4
312,eProdigy,MagicPro,2999.0,57.5,750.0,30.0,70.0,696.0
313,AddMotoR,MOTANM-60,1599.0,64.1,500.0,15.0,30.0,499.2
314,Espin,Flow,1888.0,53.9,350.0,20.0,50.0,417.6
315,Focus,SAM²,5999.0,49.9,250.0,20.0,50.0,378.0
316,Faraday,PorteurSCivicEdition,3499.0,40.8,250.0,20.0,25.0,298.0
317,CUBE,StereoRace160Pro50027.5,5999.0,53.2,250.0,25.0,115.0,482.4
318,Gocycle,GS,2799.0,37.4,500.0,18.0,50.0,291.6
319,Surface604,Colt,1799.0,55.7,500.0,25.0,60.0,499.2
320,Blix,VikaTravel,1499.0,40.3,250.0,10.0,40.0,316.8
321,HillTopper,CityUltra,1199.0,45.4,350.0,30.0,60.0,396.0
322,Amego,Elevate,1949.0,56.4,500.0,30.0,65.0,624.0
323,Haibike,SDUROTrekking4.0,2500.0,55.5,250.0,40.0,105.0,396.0
324,Velec,A2,1699.0,55.6,350.0,20.0,60.0,400.0
325,PureCycles,VoltaSingleSpeed,1999.0,36.4,250.0,10.0,25.0,243.6
326,Trivel,E-FatAzteca,3895.0,86.5,500.0,18.0,40.0,499.2
327,AddMotoR,MOTANM-350,2599.0,82.2,500.0,15.0,35.0,499.2
328,EasyMotion,RebelCrossLitePW,2799.0,49.4,250.0,40.0,105.0,396.0
329,IZIP,E3Zuma,1899.0,51.3,350.0,20.0,50.0,417.6
330,Surface604,Shred,1899.0,57.3,500.0,20.0,45.0,499.2
331,BESV,TRB1AM,4999.0,60.3,250.0,45.0,115.0,762.3
332,Pedego,Elevate,5495.0,51.1,250.0,30.0,60.0,504.0
333,DJBikes,DJCityBike,1399.0,58.9,500.0,20.0,35.0,624.0
334,BESV,TRS1,6499.0,41.8,250.0,30.0,60.0,504.0
335,ElectricBikeCompany,ModelS,1899.0,60.6,500.0,20.0,80.0,480.0
336,EcoMotion,Toure-Road,1299.0,44.6,350.0,22.0,52.0,374.4
337,Raleigh,TamlandiE,4749.0,46.3,350.0,30.0,60.0,496.8
338,DJBikes,DJMountainBike,1399.0,55.0,500.0,20.0,35.0,624.0
339,MoustacheBikes,Lundi26.1,3350.0,52.5,250.0,25.0,65.0,295.2
340,Stromer,ST5,9999.0,66.5,700.0,40.0,112.0,983.0
341,Blix,Aveny,1899.0,52.3,350.0,20.0,60.0,396.0
342,Surface604,Rook,1799.0,56.6,500.0,25.0,60.0,499.2
343,Pedego,CityCommuterBlackEdition,3795.0,61.2,500.0,25.0,70.0,480.0
344,Haibike,UrbanPlus,3599.0,59.2,500.0,40.0,75.0,489.6
345,AddMotoR,MOTANM-5800,2699.0,67.0,1000.0,20.0,30.0,840.0
346,BULLS,CROSSE8,3199.0,56.4,250.0,37.0,118.0,482.4
347,Electra,LoftGo!8i,2799.0,58.3,250.0,25.0,100.0,396.0
348,Surface604,BoarE750Hunter,2199.0,66.5,750.0,25.0,45.0,499.2
349,Amego,2018Infinite,1999.0,59.1,500.0,30.0,65.0,624.0
350,Coboc,ONESoho,5520.0,30.2,250.0,30.0,55.0,352.0
351,JuicedBikes,RipCurrentS,1699.0,70.9,750.0,30.0,110.0,624.0
352,Haibike,RadiusTour,3000.0,49.2,250.0,53.0,128.0,489.6
353,AddMotoR,HithotH1,1699.0,53.7,500.0,20.0,30.0,499.2
354,iGOElectric,Elite,1799.0,61.5,500.0,30.0,55.0,624.0
355,EnzoeBikes,2018FoldingElectricBike,1699.0,49.5,350.0,20.0,40.0,374.4
356,Desiknio,SingleSpeedUrban,4415.0,28.9,250.0,30.0,50.0,250.0
357,Riese&amp;Müller,SuperchargerGTTouring,5660.0,68.5,250.0,55.0,200.0,964.8
358,BULLS,CROSSMOVERSPEED,3999.0,53.6,250.0,37.0,92.0,482.4
359,Moustache,Friday27.5,3999.0,57.4,250.0,25.0,70.0,482.4
360,EVELO,QuestMax,2899.0,50.8,350.0,20.0,40.0,367.2
361,Propella,V2.0Single-Speed,1199.0,34.2,250.0,15.0,35.0,244.8
362,Populo,LiftV2,1399.0,48.9,250.0,20.0,35.0,313.2
363,BULLS,E-STREAMEVOAM4,5399.0,54.9,250.0,50.0,130.0,647.5
364,Schwinn,Constance,2499.0,51.3,250.0,25.0,60.0,417.6
365,Populo,SportV3,999.0,37.2,250.0,20.0,35.0,313.2
366,XingTechnologies,Zycle,1499.0,43.5,250.0,12.0,25.0,237.6
367,Trek,Verve+,2299.0,45.6,250.0,38.0,88.0,396.0
368,BULLS,URBANEVO,4399.0,51.3,250.0,37.0,92.0,482.4
369,Riese&amp;Müller,Mountain,6389.0,54.6,350.0,25.0,75.0,482.4
370,BULLS,SIX50EVOAM4,7399.0,56.9,350.0,25.0,70.0,482.4
371,FLX,Roadster,1799.0,45.8,350.0,20.0,45.0,468.0
372,Moustache,Samedi27Trail8,5700.0,52.5,350.0,25.0,65.0,482.4
373,Riese&amp;Müller,Packster40NuVinci,6369.0,75.2,350.0,25.0,75.0,482.4
374,BULLS,LACUBAEVOE45S,3899.0,55.6,350.0,50.0,130.0,647.5
375,FLX,Trail,1899.0,50.3,350.0,20.0,45.0,468.0
376,BULLS,E-COREDi2FS27.5+,5999.0,53.6,250.0,30.0,60.0,504.0
377,Moustache,Samedi27XROAD5,3799.0,56.3,350.0,25.0,70.0,482.4
378,Riese&amp;Müller,NevoGHNuVinci,4979.0,61.6,350.0,25.0,75.0,482.4
379,Riese&amp;Müller,NevoGHNuVinci,4979.0,61.6,350.0,25.0,75.0,482.4
380,BULLS,LACUBAEVOE8,3799.0,56.8,350.0,50.0,130.0,647.5
381,Fuji,Ambient27.5+1.3,3999.0,47.5,250.0,25.0,115.0,482.4
382,FLXBike,Blade,3999.0,58.8,1000.0,30.0,90.0,840.0
383,Magnum,Metro+,1999.0,59.2,500.0,30.0,60.0,624.0
384,BULLS,MONSTEREFS,5499.0,55.8,350.0,25.0,70.0,482.4
385,Schwinn,Monroe350,1499.0,45.5,350.0,25.0,55.0,504.0
386,Gazelle,AvenueC8,2999.0,52.5,250.0,40.0,70.0,504.0
387,Specialized,TurboLevoCompFat,5000.0,52.3,250.0,25.0,50.0,460.0
388,Riese&amp;Müller,RoadsterMixteTouring,3879.0,48.3,350.0,25.0,75.0,482.4
389,BULLS,SIX50EVOAM3,5499.0,55.5,350.0,25.0,70.0,482.4
390,GenZe,200Series,1899.0,49.9,350.0,15.0,35.0,345.6
391,RadPowerBikes,RadBurro,5500.0,220.0,750.0,40.0,80.0,2520.0
392,CUBE,TouringHybridPro500,3199.0,54.5,250.0,25.0,115.0,482.4
393,Riese&amp;Müller,Delite25,11099.0,68.3,350.0,50.0,140.0,964.8
394,RadPowerBikes,2018RadCityStep-Thru,1499.0,63.3,750.0,25.0,45.0,672.0
395,RadPowerBikes,2018RadMini,1499.0,63.7,750.0,22.0,42.0,672.0
396,RadPowerBikes,2018RadCity,1499.0,61.0,750.0,25.0,45.0,672.0
397,RadPowerBikes,2018RadRover,1499.0,66.5,750.0,22.0,42.0,672.0
398,RadPowerBikes,2018RadWagon,1599.0,72.0,750.0,25.0,45.0,672.0
399,RadPowerBikes,2018RadWagon,1599.0,72.0,750.0,25.0,45.0,672.0
400,Revolve,SteadyEddieTricycle,1200.0,81.0,350.0,20.0,40.0,360.0
401,BULLS,CRUISERE,3299.0,55.9,250.0,37.0,118.0,482.4
402,Moustache,Samedi27X2,6699.0,68.2,250.0,50.0,230.0,964.8
403,EnzoeBikes,LiteFoldingElectricBike,1399.0,50.2,350.0,15.0,30.0,313.2
404,Junto,Gen1,2222.0,48.9,350.0,30.0,60.0,556.8
405,Fuji,E-TraverseClassic+,2799.0,49.3,250.0,35.0,90.0,396.0
406,Schwinn,Monroe250,1199.0,42.3,250.0,20.0,45.0,417.6
407,Flash,V1Bike,1999.0,45.7,500.0,20.0,35.0,417.6
408,BULLS,AMINGATR1,4299.0,53.0,350.0,25.0,70.0,482.4
409,BULLS,TWENTY4E,2899.0,45.3,250.0,37.0,118.0,482.4
410,EmazingBike,Selene73h3h,2000.0,48.5,350.0,18.0,55.0,313.2
411,PIM(PowerInMotion),Archer,1795.0,57.0,750.0,20.0,30.0,384.0
412,Magnum,Peak,1999.0,57.5,500.0,30.0,60.0,624.0
413,Specialized,TurboComo2.0,2600.0,47.6,250.0,25.0,60.0,460.0
414,Populo,Scout,1699.0,54.6,350.0,27.0,50.0,468.0
415,Tern,GSD,3999.0,67.7,250.0,30.0,75.0,396.0
416,LithiumCycles,Super73,3000.0,74.5,750.0,20.0,35.0,556.8
417,Haibike,2017XDUROAllMtn8.0,6999.0,50.5,350.0,25.0,55.0,482.4
418,Focus,JAM²PlusPro,5999.0,46.3,250.0,20.0,50.0,378.0
419,Focus,BOLD²Plus,4899.0,44.1,250.0,20.0,50.0,378.0
420,VintageElectric,Scrambler,6995.0,80.7,750.0,20.0,40.0,702.0
421,Focus,Jarifa27Donna,2799.0,48.6,350.0,20.0,65.0,396.0
422,EmazingBike,Coeus73h3h,1800.0,44.9,350.0,18.0,55.0,313.2
423,EVELO,GalaxyST,3499.0,57.9,350.0,25.0,55.0,468.0
424,Haibike,SDUROHardFour4.0,2599.0,44.0,250.0,25.0,60.0,396.0
425,Focus,Jarifa29,2799.0,50.5,250.0,20.0,75.0,396.0
426,Gazelle,CityZenT10,2999.0,49.2,250.0,25.0,115.0,482.4
427,e-Joe,EpikSE,1599.0,51.5,500.0,25.0,50.0,480.0
428,OHM,Mountain,3455.0,51.1,500.0,25.0,70.0,556.8
429,OHM,Mountain,3455.0,51.1,500.0,25.0,70.0,556.8
430,Raleigh,TristariE,2599.0,85.4,350.0,20.0,40.0,422.4
431,CUBE,CrossHybridPro400,2599.0,50.4,250.0,20.0,60.0,396.0
432,EVELO,QuestOne,1999.0,41.1,250.0,20.0,40.0,367.2
433,Gazelle,2017ArroyoC8HMB,3499.0,58.7,250.0,25.0,115.0,482.4
434,Haibike,SDUROHardNine4.0,2599.0,47.61,250.0,20.0,70.0,417.6
435,JuicedBikes,CrossCurrentS,1699.0,57.4,650.0,35.0,100.0,614.4
436,Ness,Rua,1395.0,52.2,200.0,25.0,45.0,546.0
437,Trek,CrossRip+,4499.0,45.8,250.0,18.0,92.0,482.4
438,EVELO,Delta,3499.0,57.4,750.0,20.0,40.0,556.8
439,EmazingBike,Artemis73h3h,2000.0,49.0,350.0,18.0,55.0,313.2
440,CUBE,ReactionHybridHPARace500,3399.0,46.0,250.0,25.0,115.0,482.4
441,VoltBike,Elegant,1299.0,55.6,500.0,20.0,45.0,499.2
442,Magnum,Cruiser,2099.0,59.2,500.0,30.0,60.0,624.0
443,Trek,DualSport+,2999.0,43.0,250.0,30.0,50.0,417.6
444,EVELO,GalaxyST,3499.0,58.8,350.0,25.0,55.0,468.0
445,Felt,SportE85-HP,3799.0,45.8,350.0,20.0,40.0,396.0
446,OHM,Sport,3959.0,56.5,500.0,25.0,70.0,556.8
447,CUBE,EllyRideHybrid400,2999.0,55.7,250.0,35.0,90.0,396.0
448,Ness,Icon,1395.0,51.5,200.0,25.0,45.0,546.0
449,VintageElectric,Cafe,3995.0,56.2,750.0,20.0,60.0,499.2
450,EmazingBike,Apollo93h3h,2000.0,43.1,350.0,15.0,50.0,313.2
451,Felt,ToteM,3999.0,58.5,250.0,30.0,50.0,417.6
452,Magnum,Metro,1999.0,58.4,500.0,30.0,60.0,624.0
453,BULLS,CROSSE,2799.0,59.2,250.0,40.0,130.0,482.4
454,OHM,Urban,3599.0,55.7,500.0,25.0,70.0,556.8
455,CUBE,ReactionHybridHPASL500,3799.0,48.0,250.0,25.0,115.0,482.4
456,CERO,One,3399.0,56.3,250.0,35.0,90.0,504.0
457,Electra,TownieCommuteGo!8i,2999.0,57.8,250.0,25.0,65.0,396.0
458,Trek,Neko+,2999.0,42.5,250.0,30.0,50.0,417.6
459,Riese&amp;Müller,NevoNuVinci,4599.0,59.8,250.0,25.0,75.0,482.4
460,BULLS,E-STREAMEVOFS227.5Plus,4099.0,55.1,250.0,50.0,130.0,647.5
461,Oyama,XCE8D,1299.0,43.7,250.0,25.0,45.0,360.0
462,KTM,MacinaLycan(SpecialEdition),7845.0,46.8,250.0,20.0,100.0,396.0
463,EasyMotion,EvoCross+,2999.0,55.8,500.0,25.0,60.0,504.0
464,IZIP,E3Protour,3299.0,53.3,500.0,15.0,40.0,417.6
465,Orbea,Katu-E10,2999.0,51.0,250.0,30.0,60.0,396.0
466,Riese&amp;Müller,TinkerNuVinci,4489.0,54.8,250.0,25.0,75.0,396.0
467,BESV,PSA1,1999.0,43.0,250.0,20.0,45.0,381.1
468,Moustache,Samedi27Trail6,4900.0,54.0,250.0,25.0,115.0,482.4
469,Trek,SuperCommuter+8S,4999.0,52.3,250.0,18.0,92.0,482.4
470,Lapierre,OvervoltAM70THCarbon,7500.0,49.8,250.0,25.0,115.0,482.4
471,Cannondale,Moterra2,5499.0,52.4,250.0,25.0,115.0,482.4
472,Raleigh,SpriteiE,1899.0,54.2,350.0,20.0,40.0,422.4
473,EasyMotion,Evo27.5Pro,3099.0,52.8,500.0,25.0,55.0,604.8
474,Haibike,XDUROTrekkingSRX,4599.0,53.0,350.0,30.0,70.0,396.0
475,Motiv,Spark,1645.99,55.8,500.0,20.0,60.0,768.0
476,Riese&amp;Müller,HomageNuVinciHS,5799.0,62.7,350.0,25.0,100.0,482.4
477,Pedego,"24""TrailTracker",2895.0,58.6,500.0,20.0,36.0,417.6
478,Kalkhoff,AgattuB7,2499.0,53.0,250.0,35.0,65.0,396.0
479,BULLS,SIX50E1.5,3099.0,50.5,350.0,30.0,70.0,482.4
480,IZIP,E3Peak+,3099.0,51.7,350.0,30.0,65.0,396.0
481,BESV,CF1,1799.0,49.5,250.0,20.0,40.0,302.0
482,Riese&amp;Müller,ChargerGXRohloffHS,6119.0,59.5,350.0,25.0,100.0,482.4
483,VeloMini,Plus,1295.0,29.3,250.0,8.0,20.0,240.0
484,Cannondale,ControE-Rigid,3490.0,50.2,350.0,30.0,70.0,396.0
485,EasyMotion,EvoCity+,2999.0,59.0,500.0,25.0,60.0,504.0
486,Raleigh,2017DetouriE,2399.0,48.2,250.0,30.0,50.0,417.6
487,BULLS,CROSSLITEEStep-Thru,4099.0,49.2,250.0,30.0,85.0,482.4
488,eVox,KAB375,2199.0,45.0,350.0,25.0,75.0,375.0
489,Riese&amp;Müller,LoadTouringHS,6679.0,73.0,350.0,25.0,50.0,482.4
490,Haibike,XDUROFullSevenCarbonUltimate,16699.0,42.5,250.0,25.0,60.0,396.0
491,EG,Maui500EX,1999.0,56.1,500.0,20.0,40.0,499.2
492,IZIP,E3Dash,2599.0,53.0,350.0,16.0,40.0,417.6
493,Specialized,TurboVado6.0,4800.0,55.4,250.0,30.0,80.0,604.8
494,EasyMotion,ATOMLynx4.827.5Pro,4399.0,52.5,250.0,45.0,90.0,604.8
495,VoltBike,Enduro,1799.0,55.7,350.0,25.0,60.0,499.2
496,Riese&amp;Müller,RoadsterTouringHS,3919.0,50.5,350.0,25.0,50.0,482.4
497,Raleigh,2017RetroglideiE,1999.0,57.5,350.0,20.0,40.0,422.4
498,JuicedBikes,OceanCurrent,1299.0,51.0,500.0,20.0,40.0,422.4
499,Trek,Powerfly8FSPlus,4999.0,50.5,250.0,30.0,80.0,482.4
500,ElectricBikeCompany,2017ModelS,1499.0,74.7,750.0,35.0,90.0,907.2
501,Riese&amp;Müller,PacksterTouring80,5149.0,80.0,250.0,25.0,75.0,482.4
502,Yuba,SpicyCurryBosch,4499.0,63.0,250.0,30.0,60.0,396.0
503,IZIP,E3Sumo,3199.0,53.1,350.0,25.0,55.0,396.0
504,PUBLIC,D8Electric,2199.0,55.0,350.0,35.0,55.0,422.4
505,Specialized,TurboVado5.0,4600.0,55.4,250.0,30.0,80.0,604.8
506,Specialized,TurboVado3.0,3200.0,54.4,250.0,35.0,70.0,460.0
507,Raleigh,SuperbeiE,1799.0,50.2,350.0,20.0,40.0,422.4
508,BULLS,SIX50+EFS3,4699.0,52.5,350.0,30.0,70.0,482.4
509,Riese&amp;Müller,ChargerMixteGTTouringHS,4799.0,57.5,350.0,25.0,100.0,482.4
510,Gocycle,G3,4499.0,35.9,250.0,20.0,50.0,297.0
511,Pedego,PlatinumInterceptor,3795.0,61.2,500.0,25.0,70.0,480.0
512,EasyMotion,ATOMDiamondWave,3299.0,56.6,250.0,30.0,65.0,504.0
513,Raleigh,ReduxiE,3199.0,48.6,250.0,30.0,60.0,496.8
514,Giant,Full-E+1,5300.0,54.1,250.0,30.0,55.0,496.8
515,Scott,E-SubTour,3199.0,53.0,350.0,30.0,70.0,396.0
516,Corratec,LIFEBIKE,3999.0,58.0,250.0,25.0,55.0,396.0
517,Riese&amp;Müller,DeliteGTNuVinciHS,6229.0,66.3,350.0,25.0,100.0,482.4
518,EG,Oahu500EX,1999.0,57.1,500.0,20.0,40.0,499.2
519,Magnum,Classic,1299.0,53.8,350.0,20.0,45.0,468.0
520,IZIP,E3Go,2599.0,85.4,350.0,20.0,40.0,422.4
521,Gazelle,NLC7HMB,2999.0,62.5,250.0,35.0,90.0,396.0
522,Wallerang,M.01,3399.0,51.8,250.0,30.0,50.0,417.6
523,Giant,Quick-E+,3000.0,50.0,250.0,30.0,60.0,496.8
524,JuicedBikes,CrossCurrentAir,1195.0,48.0,350.0,20.0,40.0,422.4
525,IZIP,2017E3PeakDS,4199.0,51.2,350.0,30.0,65.0,396.0
526,Butchers&amp;Bicycles,MK1-E,6000.0,115.0,350.0,30.0,55.0,396.0
527,EasyMotion,EvoBigBudPro,3499.0,64.9,350.0,30.0,70.0,604.8
528,MoustacheBikes,StarckBikeAsphalt,6000.0,55.6,350.0,30.0,70.0,396.0
529,Motiv,Sleek,1645.99,55.8,500.0,20.0,60.0,768.0
530,Giant,Road-E+,4000.0,44.0,250.0,30.0,65.0,496.8
531,Pedego,Trike,2995.0,73.6,250.0,25.0,30.0,396.0
532,E-Glide,ST,1699.0,54.0,500.0,25.0,50.0,547.2
533,SunSeeker,FatTadElectricTrike,2435.0,80.5,500.0,15.0,30.0,480.0
534,Platinume-Bikes,3OND,2199.0,53.0,350.0,25.0,60.0,504.0
535,Haibike,SDUROAllMtn6.0,4599.0,52.0,250.0,60.0,120.0,489.6
536,BULLS,E-STREAMEVO45FS,5199.0,56.0,350.0,50.0,130.0,647.5
537,Magnum,Peak,1999.0,55.1,500.0,30.0,60.0,624.0
538,Elby,City,2999.0,56.8,500.0,25.0,70.0,556.8
539,Pedego,"20""TrailTracker",2495.0,52.5,500.0,20.0,35.0,417.6
540,SunSeeker,T3CXElectricTrike,2285.0,66.0,500.0,15.0,35.0,480.0
541,MOAReBikes,24/7,2399.0,74.5,500.0,20.0,45.0,624.0
542,Tern,Vektron,3400.0,49.4,250.0,35.0,60.0,396.0
543,Haibike,SDUROALLMTNPlus,4899.0,53.2,250.0,25.0,60.0,396.0
544,Magnum,Premium,1899.0,61.3,500.0,30.0,60.0,624.0
545,Kalkhoff,Include8Premium,4399.0,59.5,250.0,65.0,125.0,603.0
546,SunSeeker,EZ-3HDElectricTrike,2305.0,99.0,500.0,10.0,20.0,480.0
547,Surface604,2017Rook,1899.0,57.5,500.0,20.0,60.0,499.2
548,Benno,BoostE10D,4299.0,57.0,350.0,30.0,70.0,396.0
549,BULLS,E-STREAMEVO3Carbon27.5Plus,4599.0,46.5,250.0,50.0,130.0,647.5
550,SunSeeker,EurusElectricTrike,2435.0,76.8,500.0,15.0,35.0,480.0
551,Specialized,TurboLevoFSRExpert6Fattie,7500.0,50.0,250.0,28.0,60.0,504.0
552,MoustacheBikes,Lundi26,3000.0,55.0,350.0,30.0,70.0,396.0
553,eVox,City,2699.0,52.0,350.0,35.0,85.0,420.0
554,SunSeeker,EcoTadElectricTrike,1875.0,72.0,500.0,15.0,35.0,480.0
555,Gazelle,CityZenC8HM,2999.0,51.0,350.0,22.0,59.0,396.0
556,Freway,Buffalo,1699.0,52.3,350.0,20.0,45.0,396.0
557,BULLS,DAIL-EGRINDER,5799.0,49.0,350.0,50.0,130.0,482.4
558,Scott,E-SubEvo,4199.0,49.6,350.0,30.0,70.0,396.0
559,SunSeeker,EcoDeltaElectricTrike,1835.0,72.0,500.0,15.0,35.0,360.0
560,Cannondale,MovaroPerformance,4460.0,49.5,350.0,30.0,70.0,396.0
561,Biria,EasyBoardingElectric,2750.0,50.5,350.0,35.0,55.0,422.4
562,eProdigy,Fairweather,3799.0,36.0,500.0,15.0,40.0,237.6
563,BULLS,SIX50E2STREET,3899.0,55.0,350.0,50.0,130.0,482.4
564,WorksmanCycles,PAV3StretchElectricTrike,2198.0,128.0,500.0,10.0,20.0,480.0
565,Stromer,ST1X,4999.0,59.0,500.0,40.0,75.0,618.0
566,Focus,JarifaFat,3599.0,50.5,250.0,50.0,100.0,603.0
567,Haibike,XDUROUrbanSRX,5000.0,41.0,350.0,35.0,65.0,396.0
568,SunBicycles,"24""TraditionalElectricTrike",1523.0,75.6,500.0,10.0,25.0,360.0
569,Specialized,TurboLevoHardtailComp6Fattie,4000.0,49.0,250.0,25.0,55.0,460.0
570,BULLS,2017LACUBAEVOE8,3999.0,56.0,250.0,50.0,130.0,647.5
571,Populo,Sport,999.0,37.0,250.0,20.0,30.0,374.4
572,PUBLIC,M8Electric,2199.0,56.5,350.0,35.0,55.0,422.4
573,eProdigy,Banff,2599.0,59.0,750.0,25.0,70.0,556.8
574,RadPowerBikes,2017RadMini,1499.0,62.1,750.0,20.0,40.0,556.8
575,BULLS,E-STREAMEVOFS327.5Plus,4699.0,54.0,250.0,50.0,130.0,647.5
576,BULLS,2017MONSTEREFS,5299.0,55.6,350.0,45.0,130.0,482.4
577,Kalkhoff,IntegraleS11,5699.0,56.5,350.0,55.0,125.0,603.0
578,eProdigy,Logan,2599.0,55.0,750.0,25.0,70.0,556.8
579,BULLS,LACUBAEVOE45,4399.0,61.5,350.0,50.0,130.0,647.5
580,SmartMotion,Catalyst,2699.0,52.5,500.0,35.0,120.0,696.0
581,Volton,AlationMid-Drive48V,2649.0,54.5,250.0,30.0,45.0,504.0
582,RadPowerBikes,2017RadCity,1499.0,60.5,750.0,20.0,40.0,556.8
583,Gazelle,ArroyoC8HM,3699.0,57.5,250.0,35.0,90.0,396.0
584,VoltBike,Mariner,1249.0,59.5,500.0,15.0,35.0,499.2
585,BULLS,E-StreamEVOFS327.5,4699.0,51.8,250.0,50.0,130.0,647.5
586,Surface604,YunBikeC1,999.0,34.7,180.0,10.0,25.0,187.2
587,Outrider,Nomad3Series,14985.0,117.0,750.0,65.0,170.0,2227.2
588,E-Glide,SS,1099.0,41.5,350.0,18.0,35.0,374.4
589,E-Glide,SS,1099.0,41.5,350.0,18.0,35.0,374.4
590,BULLS,SIX50EFS3RSI,4599.0,49.5,350.0,35.0,85.0,396.0
591,Surface604,Colt,1899.0,57.5,500.0,20.0,60.0,499.2
592,BULLS,MONSTERES,4299.0,52.5,350.0,35.0,85.0,396.0
593,Focus,JarifaI29Pro,4299.0,50.5,250.0,55.0,125.0,603.0
594,BULLS,OUTLAWE45,3999.0,57.0,500.0,35.0,60.0,673.4
595,e-Joe,Gadis,1699.0,55.0,350.0,25.0,45.0,528.0
596,RadPowerBikes,2016RadRover,1499.0,63.0,750.0,20.0,40.0,556.8
597,BULLS,STURMVOGELEEVO,3699.0,54.0,250.0,55.0,130.0,647.5
598,SmartMotion,Pacer,2799.0,53.5,500.0,45.0,120.0,696.0
599,JuicedBikes,CrossCurrent,1499.0,52.0,350.0,25.0,100.0,374.4
600,LibertyTrike,2016ElectricTricycle,1498.0,80.0,750.0,15.0,20.0,360.0
601,Stromer,ST1LimitedEdition,3990.0,60.0,250.0,25.0,50.0,522.0
602,Vilano,Pulse,699.0,42.5,240.0,15.0,25.0,316.8
603,VirtueCycles,Pedalist,4999.0,175.0,750.0,35.0,60.0,720.0
604,KTM,MacinaForce2910CX4,3950.0,47.0,250.0,25.0,60.0,396.0
605,Watseka,XP,649.0,78.0,250.0,10.0,20.0,324.0
606,Vilano,Pulse,789.0,50.2,250.0,15.0,25.0,481.0
607,BULLS,TWENTY9EFS3RSI,4599.0,49.3,350.0,35.0,85.0,396.0
608,Outrider,Alpha4Series,14985.0,117.0,750.0,65.0,170.0,2227.2
609,EasyMotion,EvoJumperPro,4399.0,53.0,500.0,25.0,55.0,504.0
610,EasyMotion,NitroCity,4399.0,56.0,500.0,25.0,55.0,504.0
611,EasyMotion,EvoCityWave,3099.0,58.0,500.0,25.0,55.0,432.0
612,EasyMotion,EvoJet,3099.0,53.0,500.0,25.0,55.0,432.0
613,EasyMotion,EvoCity,3099.0,59.0,500.0,25.0,55.0,504.0
614,Blix,Stockholm,2390.0,55.0,350.0,20.0,30.0,486.0
615,SONDORS,Thin,693.0,46.5,350.0,15.0,30.0,313.2
616,EG,Bali500EX,2199.0,65.0,500.0,20.0,30.0,480.0
617,BULLS,CROSSLITEE,3699.0,48.0,350.0,35.0,85.0,396.0
618,VirtueCycles,Schoolbus+,2000.0,145.0,250.0,15.0,25.0,316.8
619,EasyMotion,"EvoSnow29""Pro",3299.0,57.0,350.0,10.0,40.0,504.0
620,BULLS,E-STREAMEVOEnduro27.5,5399.0,49.5,250.0,30.0,90.0,490.0
621,Outrider,Horizon2Series,12985.0,105.0,750.0,30.0,170.0,1113.6
622,Haibike,SDUROFullFatSix,5299.0,53.5,250.0,25.0,60.0,396.0
623,EG,Milan500EX,2199.0,62.5,500.0,20.0,30.0,480.0
624,EasyMotion,EasyGoVolt,1499.0,39.0,250.0,10.0,28.0,208.8
625,eProdigy,Whistler,2599.0,55.0,750.0,25.0,45.0,556.8
626,EG(EverGreen),Vienna250,1299.0,43.5,250.0,15.0,35.0,280.8
627,EasyMotion,BigBudPro,3499.0,61.0,350.0,10.0,40.0,504.0
628,VirtueCycles,Gondoliere+,1800.0,88.0,250.0,15.0,25.0,316.8
629,JuicedRiders,ODKV3,1995.0,67.0,500.0,30.0,100.0,720.0
630,MarrsCycles,M-2,3500.0,115.0,1000.0,40.0,120.0,960.0
631,Specialized,TurboLevoFSRComp6Fattie,5500.0,50.0,250.0,25.0,55.0,460.0
632,EasyMotion,"EvoSnow29""",3299.0,58.0,350.0,10.0,40.0,417.6
633,Haibike,SDUROFullNineRX,4499.0,49.5,250.0,25.0,60.0,396.0
634,Blix,Komfort+,1990.0,53.0,350.0,20.0,30.0,396.0
635,Blix,2016Vika+,1650.0,51.0,350.0,20.0,30.0,396.0
636,EVO,TobaHB1,1999.0,44.0,350.0,30.0,50.0,316.8
637,Felt,BRüHAUL,4999.0,53.5,350.0,20.0,65.0,396.0
638,RadPowerBikes,2016RadMini,1499.0,61.0,750.0,20.0,40.0,556.8
639,ArielRider,N-Class,2899.0,62.5,500.0,25.0,40.0,556.8
640,ArielRider,2016W-Class,2350.0,61.7,500.0,25.0,40.0,556.8
641,Stromer,ST2S,9999.0,57.5,500.0,60.0,120.0,983.0
642,VoltBike,Urban,1049.0,47.5,350.0,15.0,25.0,360.0
643,Stromer,ST1S,4790.0,62.0,250.0,25.0,50.0,522.0
644,Stromer,ST1T,4790.0,62.0,250.0,25.0,50.0,522.0
645,FLX,2016Trail,2199.0,50.0,250.0,25.0,45.0,468.0
646,Torker,TristarHybrid,1799.0,81.0,250.0,10.0,25.0,266.0
647,Haibike,SDUROALLMTNRC,4299.0,51.5,250.0,25.0,60.0,396.0
648,Haibike,XDURODWNHLLPro,8899.0,53.0,250.0,25.0,60.0,396.0
649,Haibike,XDUROFullLifeRX,5299.0,49.0,250.0,25.0,60.0,396.0
650,IZIP,2016E3ProTour,2999.0,54.0,500.0,15.0,40.0,417.6
651,Raleigh,SprintiE,2999.0,51.5,500.0,15.0,40.0,417.6
652,IZIP,E3Sumo,3099.0,54.0,350.0,15.0,35.0,417.6
653,Raleigh,TekoaiE,2799.0,48.0,350.0,15.0,35.0,417.6
654,IZIP,E3Peak,2799.0,49.0,350.0,15.0,35.0,417.6
655,IZIP,2016E3Dash,2599.0,54.5,350.0,15.0,30.0,417.6
656,Raleigh,RouteiE,2599.0,52.0,350.0,15.0,30.0,417.6
657,Raleigh,MisceoSportiE,2599.0,44.5,250.0,30.0,50.0,417.6
658,Raleigh,MisceoiE,2699.0,43.5,250.0,30.0,50.0,417.6
659,Raleigh,2016DetouriE,2299.0,49.5,250.0,30.0,50.0,417.6
660,IZIP,E3Path+,2299.0,49.5,250.0,30.0,50.0,417.6
661,Raleigh,SpriteiE,2099.0,54.0,350.0,20.0,40.0,422.4
662,IZIP,E3Vibe+,1799.0,54.0,350.0,20.0,40.0,422.4
663,Yuba,SpicyCurry,4200.0,62.0,350.0,20.0,35.0,417.6
664,IZIP,2016E3Zuma,2499.0,54.0,500.0,20.0,35.0,417.6
665,Haibike,SDUROHardSevenSM,2499.0,49.3,250.0,25.0,60.0,396.0
666,Haibike,SDUROHardLifeSL,2799.0,47.8,250.0,25.0,60.0,396.0
667,Everly,202,1199.0,37.0,250.0,15.0,30.0,187.2
668,E-Lux,Newport,1895.0,57.5,500.0,25.0,40.0,480.0
669,E-Lux,Tahoe,2250.0,77.0,500.0,25.0,40.0,624.0
670,Trek,XM700+,3499.0,46.5,350.0,15.0,65.0,396.0
671,Trek,Conduit+,2999.0,45.0,250.0,30.0,75.0,417.6
672,Trek,Lift+,2799.0,44.8,250.0,30.0,75.0,417.6
673,Electra,TownieGo!,2729.0,58.0,350.0,20.0,110.0,396.0
674,ElectroBike,Seal,1899.0,63.0,500.0,15.0,30.0,360.0
675,ElectroBike,Cross,1599.0,46.0,350.0,15.0,30.0,324.0
676,ElectroBike,GamaCruise,1499.0,53.2,350.0,15.0,30.0,350.0
677,ElectroBike,Light,1399.0,41.5,250.0,18.0,35.0,316.8
678,ElectroBike,Magnos,1299.0,53.5,250.0,15.0,30.0,324.0
679,ElectroBike,Alfa+,999.0,47.0,250.0,15.0,30.0,324.0
680,ElectroBike,Dash,799.0,48.0,350.0,15.0,30.0,324.0
681,EasyMotion,EasyGoStreet,1699.0,43.8,250.0,10.0,28.0,208.8
682,VintageElectric,Cruz,4995.0,87.0,750.0,25.0,25.0,702.0
683,EasyMotion,EasyGoRace,1299.0,35.4,250.0,10.0,28.0,208.8
684,SONDORS,Ebike,693.0,59.0,350.0,10.0,25.0,316.8
685,VintageElectric,Tracker,4995.0,78.5,750.0,25.0,25.0,702.0
686,Zeitgeist,Cargo,5999.0,63.0,350.0,20.0,30.0,374.4
687,Biomega,OKO,2295.0,42.4,350.0,25.0,35.0,356.4
688,Zeitgeist,City,7999.0,43.5,500.0,20.0,35.0,417.6
689,Riide,V1.1,1999.0,43.5,350.0,20.0,30.0,313.2
690,Faraday,CortlandS,2499.0,41.0,250.0,20.0,25.0,290.0
691,Faraday,Cortland,3499.0,42.5,250.0,20.0,25.0,290.0
692,BoxBikeCollective,StandardBoxBike,3900.0,96.0,500.0,15.0,20.0,288.0
693,SnelheidCycles,Tyro,2299.0,47.0,500.0,20.0,30.0,444.0
694,SnelheidCycles,Leider,2799.0,46.0,500.0,20.0,25.0,466.2
695,Pedego,Latch,2595.0,51.0,250.0,20.0,30.0,360.0
696,Daymak,WildGoose,1599.0,69.0,500.0,20.0,25.0,480.0
697,Freway,VR-01,1199.0,43.0,250.0,15.0,25.0,187.2
698,Daymak,Paris,999.0,50.0,250.0,10.0,20.0,240.0
699,BESV,JaguarJS1,2980.0,60.0,250.0,35.0,50.0,410.4
700,Pedego,TrailTracker,3295.0,64.0,500.0,15.0,30.0,556.8
701,Daymak,Vermont,1999.0,55.0,500.0,35.0,55.0,768.0
702,Pedego,RidgeRider,3395.0,56.0,500.0,20.0,35.0,556.8
703,Motiv,Stash,1549.0,45.0,350.0,15.0,25.0,324.0
704,Daymak,Arsenal,1899.0,54.0,350.0,15.0,25.0,360.0
705,Daymak,EC1,1899.0,38.0,250.0,10.0,25.0,249.6
706,Revelo,Flex,1599.0,33.1,250.0,15.0,20.0,360.0
707,Daymak,NewYorker,1499.0,37.0,250.0,15.0,25.0,324.0
708,Daymak,Florence,1999.0,85.0,500.0,20.0,35.0,576.0
709,Biktrix,Stunner,1999.0,50.0,500.0,15.0,35.0,374.4
710,EnzoeBikes,FoldingElectricBike,1699.0,48.0,350.0,20.0,30.0,374.4
711,Gocycle,G2,4999.0,36.0,500.0,15.0,40.0,232.2
712,Biktrix,Juggernaut,1999.0,55.0,500.0,20.0,50.0,556.8
713,Voltbike,Yukon,1159.0,56.0,350.0,20.0,35.0,499.2
714,Voltbike,2015Elegant,1099.0,54.0,250.0,15.0,25.0,374.4
715,HPVelotechnok,ScorpionFS,8495.0,68.0,500.0,35.0,90.0,558.0
716,Specialized,TurboS,7000.0,54.5,500.0,35.0,60.0,702.0
717,Voltbike,Interceptor,1599.0,62.0,800.0,25.0,40.0,556.8
718,RadPowerBikes,2015RadWagon,1599.0,75.0,500.0,15.0,40.0,556.8
719,Specialized,S-WorksTurboLevoFSR6Fattie,9000.0,48.5,250.0,25.0,55.0,504.0
720,CUBE,ReactionHybridHPAPro29,2999.0,57.5,250.0,30.0,60.0,396.0
721,RadPowerBikes,2015RadRover,1499.0,61.0,500.0,20.0,40.0,556.8
722,Surface604,BoarE350,2499.0,57.0,350.0,20.0,35.0,468.0
723,EasyMotion,XenionJumper27.5,5199.0,47.0,350.0,35.0,65.0,396.0
724,EasyMotion,XenionCross,3999.0,47.0,350.0,35.0,65.0,396.0
725,CUBE,SUVHybridSL27.5,4799.0,47.0,250.0,35.0,65.0,396.0
726,OHM,SportXS750Plus,3999.0,50.0,500.0,20.0,60.0,556.8
727,OHM,UrbanXU70016,4199.0,51.5,500.0,25.0,80.0,556.8
728,OHM,UrbanXU700LS15,3699.0,52.0,350.0,20.0,40.0,316.8
729,OHM,UrbanXU700LS15,3699.0,52.0,350.0,20.0,40.0,316.8
730,Leisger,CD5,2499.0,52.0,350.0,20.0,55.0,468.0
731,Leisger,MD5,2499.0,52.0,350.0,20.0,55.0,468.0
732,GreenWorldBike,E-Trolley,1299.0,50.0,250.0,15.0,25.0,360.0
733,Magnum,Ui5,1699.0,51.0,350.0,25.0,55.0,468.0
734,Magnum,Mi5,1699.0,52.0,350.0,25.0,55.0,468.0
735,Vela,Model1,1899.0,49.5,350.0,20.0,30.0,360.0
736,Haibike,XDUROFullsevenRX,5500.0,48.0,350.0,25.0,60.0,396.0
737,EasyMotion,Evo27.5Jumper,4299.0,52.0,350.0,15.0,40.0,417.6
738,EG,Oahu500EX,1999.0,56.0,500.0,20.0,30.0,480.0
739,SSRMotorsports,TrailViper,1399.0,56.0,350.0,10.0,25.0,360.0
740,SSRMotorsports,500WSandViper,1799.0,62.0,500.0,20.0,30.0,499.2
741,E-Lux,E-100All-Trac,1999.0,75.5,500.0,25.0,35.0,624.0
742,SONDORS,Ebike,842.0,59.0,350.0,10.0,20.0,316.8
743,OHM,SportXS75015,3999.0,46.0,500.0,25.0,80.0,555.0
744,Mando,FootlooseiM,2700.0,50.0,250.0,15.0,25.0,289.6
745,Kalkhoff,TasmanClassicImpulse8,3799.0,56.0,250.0,60.0,120.0,629.0
746,EZPedaler,T350,1795.0,54.0,350.0,25.0,35.0,360.0
747,OHM,UrbanXU700LS,2899.0,50.0,350.0,25.0,45.0,316.8
748,Pedego,24″Step-ThruInterceptor,2995.0,58.0,500.0,30.0,50.0,480.0
749,EasyMotion,Evo29,2999.0,51.2,350.0,20.0,45.0,417.6
750,EZPedaler,T500,1895.0,58.0,500.0,25.0,35.0,432.0
751,Solex,Solexity400,2395.0,58.0,400.0,25.0,45.0,417.6
752,EZPedaler,X350,1695.0,50.0,350.0,20.0,30.0,374.4
753,Faraday,PorteurS,2499.0,42.5,250.0,20.0,25.0,250.0
754,Pedego,Step-ThruComfortCruiserII,2295.0,58.0,500.0,15.0,35.0,360.0
755,Focus,AventuraImpulseSpeed1.0,4999.0,54.0,350.0,65.0,125.0,612.0
756,EasyMotion,EvoCity,2999.0,59.0,350.0,20.0,45.0,417.6
757,Felt,VERZAe,3999.0,51.5,350.0,30.0,60.0,396.0
758,EasyMotion,EvoCityWave,2999.0,58.0,350.0,25.0,50.0,417.6
759,e-Joe,Koda,2199.0,49.0,500.0,25.0,40.0,540.0
760,Specialized,Turbo,3800.0,49.5,200.0,25.0,55.0,468.0
761,EasyMotion,EvoStreet,2999.0,57.0,350.0,20.0,45.0,417.6
762,Pedego,Interceptor,2995.0,61.0,500.0,15.0,40.0,720.0
763,EG,Barcelona,999.0,54.0,200.0,15.0,30.0,240.0
764,EnergieCycles,26tm,1750.0,61.0,500.0,30.0,45.0,576.0
765,Pedego,TrailTracker,2995.0,65.0,500.0,15.0,40.0,720.0
766,Pedego,CityCommuter,2595.0,60.0,500.0,15.0,40.0,720.0
767,Haibike,XDUROAMTRX,6350.0,49.2,350.0,25.0,60.0,396.0
768,IZIP,E3Sumo,3650.0,52.0,350.0,15.0,35.0,417.6
769,Specialized,TurboX,4000.0,49.5,200.0,25.0,55.0,468.0
770,Raleign,MisceoiE,3200.0,41.7,250.0,35.0,75.0,417.6
771,EnergieCycles,Excursion2.0,1000.0,46.9,250.0,13.0,18.0,237.6
772,CutlerCycles,FusionElectricBike,900.0,95.0,1000.0,30.0,55.0,720.0
773,Binelli,Classica,2100.0,49.0,350.0,20.0,35.0,324.0
774,iGo,MetroE,1599.0,57.3,350.0,15.0,25.0,360.0
775,BMEBIKES,BM-Apollos,3899.0,48.0,350.0,20.0,40.0,316.8
776,Focus,AventuraImpulse2.0,3799.0,52.0,250.0,65.0,125.0,612.0
777,VintageElectric,E-Tracker,4995.0,72.0,750.0,20.0,30.0,650.0
778,Felt,OUTFITTER,5499.0,53.0,350.0,30.0,60.0,396.0
779,BMEBIKES,BM-Helio,2899.0,48.4,750.0,20.0,40.0,422.4
780,Kalkhoff,AgattuImpulse8HS,3599.0,58.0,250.0,55.0,125.0,612.0
781,Ridekick,PowerTrailer,699.0,42.5,500.0,10.0,15.0,288.0
782,Haibike,XDURONduroPro,9100.0,49.0,350.0,35.0,60.0,396.0
783,Focus,JarifaImpulse27R3.0,3899.0,48.0,250.0,65.0,125.0,612.0
784,Kalkhoff,SahelImpulse8,3799.0,50.0,250.0,50.0,85.0,429.2
785,Blix,Vika+,1590.0,48.6,350.0,17.0,25.0,360.0
786,EG,MauiEX,1499.0,60.0,350.0,15.0,25.0,360.0
787,Hi-PowerCycles,HPCSuperMundoCargoBike,4695.0,89.0,750.0,25.0,30.0,621.6
788,BMEBIKES,BM-NightHawk,2699.0,46.3,350.0,20.0,40.0,316.8
789,Kalkhoff,SahelCompactImpulse8,3499.0,50.0,250.0,50.0,85.0,417.0
790,Haibike,XDUROTrekkingPro,4650.0,53.0,350.0,40.0,65.0,396.0
791,Blix,Komfort+,1990.0,49.0,350.0,17.0,25.0,360.0
792,Mando,Footloose,3999.0,50.5,250.0,15.0,25.0,295.2
793,EasyMotion,Evo27.5,2999.0,50.0,350.0,20.0,45.0,417.6
794,Hi-PowerCycles,HPCFreedom,1995.0,45.0,750.0,20.0,45.0,429.2
795,BMEBIKES,BM-Shadow,2175.0,46.0,350.0,20.0,40.0,316.8
796,EG,Enterprise,899.0,55.0,200.0,15.0,25.0,240.0
797,Polaris,Sabre,3499.0,63.0,750.0,20.0,50.0,264.0
798,A2B,Kuo+,1699.0,43.0,250.0,15.0,25.0,324.0
799,EG,MonteCarlo500EX,2799.0,66.0,500.0,15.0,25.0,480.0
800,SSRMotorsports,SandViper,1399.0,61.0,350.0,15.0,25.0,360.0
801,Haibike,XDUROUrban,4450.0,41.0,350.0,35.0,65.0,396.0
802,EasyMotion,EvoRace,2999.0,45.0,350.0,35.0,60.0,417.6
803,Nicolai,E-BOXX2,5499.0,42.0,350.0,35.0,65.0,396.0
804,Polaris,Appex,2999.0,60.0,750.0,20.0,50.0,264.0
805,EmazingBike,Artemis73hd,2149.0,38.0,350.0,50.0,60.0,313.2
806,Haibike,XDUROFatsix,5800.0,53.0,350.0,35.0,65.0,396.0
807,EasyMotion,BoschCityWave,3999.0,53.0,350.0,35.0,65.0,396.0
808,Grace,One,4500.0,73.85,1300.0,25.0,40.0,518.0
809,Polaris,Terrain,2499.0,52.0,750.0,20.0,60.0,264.0
810,Haibike,XDURORace,6700.0,40.0,350.0,35.0,65.0,396.0
811,Diamondback,TraceEXC,2800.0,48.5,500.0,25.0,45.0,422.4
812,Polaris,Course,2999.0,52.0,750.0,20.0,60.0,264.0
813,EasyMotion,NitroCity,4399.0,54.0,500.0,20.0,35.0,417.6
814,Diamondback,LindauEXC,2500.0,55.0,500.0,25.0,45.0,422.4
815,Pedego,Stretch,3495.0,,500.0,25.0,55.0,624.0
816,EasyMotion,EvoCross,2999.0,52.5,350.0,35.0,55.0,417.6
817,IZIP,2015E3PeakDS,4500.0,50.0,350.0,25.0,35.0,417.6
818,IZIP,E3Peak,3100.0,49.0,350.0,25.0,35.0,417.6
819,EasyMotion,NitroCross,4399.0,50.0,500.0,20.0,35.0,417.6
820,Focus,ThronImpulseSpeed27R,6599.0,51.37,350.0,40.0,120.0,612.0
821,Raleigh,Tekoa-iE,3300.0,50.0,350.0,25.0,35.0,417.6
822,EG(EverGreen),Athens250,1199.0,54.0,250.0,25.0,40.0,360.0
823,IZIP,E3Zuma,2550.0,53.0,500.0,25.0,35.0,417.6
824,e-Joe,2015EpikSE,1599.0,42.0,,20.0,30.0,324.0
825,Trek,2011FX+,2679.0,45.0,350.0,35.0,50.0,355.2
826,Polaris,Rail,2499.0,52.0,750.0,20.0,60.0,264.0
827,Raleigh,2015Venture-iE,2400.0,55.0,500.0,25.0,45.0,422.4
828,eProdigy,Jasper,2399.0,50.7,350.0,25.0,65.0,325.6
829,Trek,Transport+,2679.0,65.0,350.0,35.0,45.0,355.2
830,Jetson,ElectricMountainBike,1999.0,65.0,500.0,25.0,40.0,816.0
831,Raleigh,Detour-iE,2500.0,55.0,500.0,25.0,45.0,422.4
832,Felt,DUALe,5799.0,44.0,350.0,35.0,65.0,400.0
833,Tern,NodeD8withBionX,2750.0,45.0,350.0,35.0,50.0,316.8
834,GenZe,Recreationale102,1499.0,44.0,250.0,20.0,45.0,313.2
835,BESV,LionLX1,5500.0,62.8,500.0,40.0,50.0,403.2
836,A2B,Galvani,2299.0,50.2,350.0,30.0,55.0,316.8
837,ProdecoTech,Mariner500,1899.0,48.0,500.0,25.0,35.0,460.8
838,A2B,Galvani,2299.0,50.2,350.0,30.0,55.0,316.8
839,ProdecoTech,Mariner500,1899.0,48.0,500.0,25.0,35.0,460.8
840,Felt,NINEe,4699.0,38.0,350.0,35.0,65.0,400.0
841,e-Joe,Anggun3.0,1899.0,55.0,350.0,30.0,50.0,540.0
842,GenZe,Sporte101,1499.0,44.0,250.0,20.0,45.0,313.2
843,Tern,LinkD8withBionX,2700.0,42.0,350.0,35.0,50.0,316.8
844,BESV,PantherPS1,3250.0,37.2,250.0,20.0,30.0,237.6
845,Motiv,Stout,2599.0,55.0,500.0,15.0,20.0,480.0
846,Felt,SPORTeStep-Thru,3999.0,40.0,350.0,35.0,65.0,396.0
847,Xtracycle,EdgeRunner10E,5000.0,75.0,350.0,35.0,65.0,400.0
848,Felt,SPORTe,3999.0,40.0,350.0,35.0,65.0,400.0
849,Motiv,Sherpa,2499.99,55.0,500.0,15.0,25.0,480.0
850,A2B,Ferber,2399.0,48.5,350.0,30.0,55.0,316.8
851,Felt,LEBOWSKe,5799.0,48.0,350.0,35.0,65.0,400.0
852,Grace,MXIIUrban,3999.0,48.5,350.0,35.0,65.0,400.0
853,Faraday,Porteur,3499.0,40.0,250.0,20.0,25.0,249.4
854,Pedego,Boomerang,2495.99,62.0,500.0,20.0,30.0,720.0
855,Grace,MXIITrail,3699.0,48.5,350.0,35.0,65.0,400.0
856,Stromer,ST2,6999.0,58.5,500.0,50.0,100.0,814.0
857,Schwinn,WorldGSE,1999.0,48.0,180.0,25.0,55.0,266.0
858,IZIP,Path+,2600.0,55.0,500.0,25.0,45.0,422.0
859,IZIP,E3Dash,2900.0,49.0,500.0,20.0,35.0,417.6
860,iGo,Metro,1699.0,58.0,350.0,20.0,40.0,360.0
861,Optibike,PioneerCity,2995.0,49.0,500.0,30.0,40.0,389.9
862,Optibike,PioneerAllroad,2795.0,49.0,500.0,25.0,35.0,390.0
863,Volton,AlationMid-Drive350,2249.0,52.0,350.0,35.0,45.0,378.0
864,Focus,AventuraX30,3999.0,55.0,500.0,55.0,85.0,558.0
865,Kalkhoff,AgattuPremiumImpulse8,3750.0,55.0,250.0,55.0,125.0,612.0
866,F4W,Peak,1977.0,48.0,350.0,25.0,35.0,324.0
867,Lapierre,OvervoltFS900,5500.0,49.0,350.0,35.0,65.0,400.0
868,Lapierre,OvervoltHT900,4500.0,41.0,250.0,35.0,65.0,400.0
869,NYCeWheels,ElectricBrompton,2795.0,45.0,250.0,10.0,40.0,201.6
870,UrbanArrow,Family,4500.0,94.8,250.0,25.0,30.0,288.0
871,eProdigy,2015Banff,1999.0,52.0,350.0,25.0,30.0,325.6
872,EVELO,Aries,2079.0,59.0,500.0,20.0,60.0,360.0
873,EVELO,Aurora,2079.0,55.0,500.0,20.0,60.0,360.0
874,iGo,Tour,1499.0,66.0,250.0,20.0,40.0,360.0
875,EasyMotion,EvoEcoLite,2399.0,54.0,350.0,20.0,45.0,316.8
876,ProdecoTech,PhantomX2,1699.0,58.0,500.0,25.0,40.0,460.8
877,ProdecoTech,Scorpion27,3999.0,38.0,250.0,20.0,35.0,306.9
878,Smart,Ebike,3299.0,57.5,350.0,40.0,60.0,422.4
879,EasyMotion,NeoProx,1799.0,45.0,350.0,20.0,40.0,316.8
880,Vanmoof,Electrified3,2998.0,41.8,250.0,18.6,37.2,208.8
881,BigCat,LongBeachCruiser,1495.0,68.0,350.0,10.0,20.0,288.0
882,BigCat,HamptonFoldingBike,1195.0,56.0,350.0,10.0,20.0,360.0
883,BigCat,Phantom,1495.0,68.0,350.0,10.0,20.0,288.0
884,BigCat,NYCCargoBike,1299.0,72.0,350.0,10.0,20.0,288.0
885,Specialized,TurboS,6000.0,50.0,250.0,30.0,40.0,504.0
886,Haibike,"XduroFSRX27.5""",4900.0,48.0,350.0,35.0,65.0,396.0
887,Haibike,"XduroRX29""",4000.0,45.0,350.0,35.0,65.0,396.0
888,Haibike,XDUROTrekkingRX,4000.0,51.0,350.0,35.0,65.0,396.0
889,Riide,ElectricBike,1799.0,35.0,350.0,20.0,30.0,313.2
890,,"<spanclass=""multi-property"">2014",,62.0,750.0,15.0,20.0,460.8
891,OrganicTransit,ELF,5500.0,150.0,600.0,15.0,20.0,532.8
892,OrganicTransit,2013ELF,4995.0,150.0,600.0,15.0,20.0,480.0
893,Outrider,Horizon,8545.0,84.0,750.0,35.0,105.0,3000.0
894,Outrider,422Alpha,11995.0,99.0,750.0,50.0,160.0,2131.0
895,AerobicCruiser,Innovation,5000.0,100.0,750.0,45.0,65.0,1245.0
896,ProdecoTech,Titanio29er,4999.0,31.8,250.0,15.0,25.0,204.6
897,M55,Riviera,16000.0,37.0,250.0,40.0,60.0,540.0
898,M55,Terminus,18000.0,65.0,750.0,40.0,60.0,1607.0
899,EZPedaler,T500,1870.0,59.0,500.0,25.0,40.0,432.0
900,EZPedaler,F350,1679.0,52.0,350.0,20.0,30.0,360.0
901,EG(EverGreen),Zurich350IX,1799.0,57.0,350.0,25.0,50.0,432.0
902,EG(EverGreen),Vienna250EX,1399.0,52.0,250.0,25.0,35.0,240.0
903,A2B,Shima,3799.0,72.7,500.0,25.0,55.0,486.0
904,ProdecoTech,Storm500,1399.0,55.0,500.0,25.0,30.0,345.6
905,ProdecoTech,Genesis500,1299.0,55.0,500.0,25.0,30.0,345.6
906,ProdecoTech,StrideR,1399.0,49.0,500.0,25.0,35.0,345.6
907,ProdecoTech,Oasis,1799.0,62.0,750.0,25.0,35.0,614.4
908,EasyMotion,Neo29er,2999.0,48.0,350.0,20.0,50.0,316.8
909,Haibike,"XduroSuperrace28""",7800.0,39.4,350.0,35.0,65.0,396.0
910,IZIP,E3Twn:exp,2900.0,62.0,400.0,25.0,35.0,499.2
911,iGo,Titan,1599.0,61.0,250.0,20.0,40.0,360.0
912,Surface604,ElementElectricFatBike,1999.0,60.0,350.0,20.0,30.0,360.0
913,IZIP,2014E3Path+,2200.0,55.0,500.0,25.0,35.0,422.4
914,Pedego,ClassicComfortCruiser,2095.0,59.0,500.0,30.0,50.0,480.0
915,Pedego,24,2095.0,59.0,500.0,30.0,50.0,480.0
916,EasyMotion,NeoJet,2899.0,52.0,350.0,25.0,50.0,432.0
917,EasyMotion,Neo650BJumper,4299.0,52.0,350.0,20.0,40.0,316.8
918,Pedego,TandemCruiser,2795.0,85.0,500.0,15.0,30.0,480.0
919,EmazingBike,Apollo93pd,2399.0,40.0,350.0,40.0,50.0,313.2
920,Kalkhoff,ProConnectS10,4199.0,54.0,350.0,40.0,55.0,504.0
921,Kalkhoff,ProConnectS27,4199.0,54.0,350.0,40.0,55.0,504.0
922,OHM,UrbanXU700,3399.0,55.0,350.0,25.0,45.0,422.4
923,Biruni,Scarlett,2499.0,55.0,500.0,20.0,30.0,432.0
924,Biria,ElectricCityBike,1150.0,55.0,250.0,20.0,25.0,192.0
925,EasyMotion,NeoVolt,2499.0,49.0,350.0,20.0,50.0,316.8
926,EmazingBike,Daedalus72pd,1699.0,37.0,250.0,50.0,60.0,313.2
927,Pedego,Step-ThruComfortCruiser,2095.0,59.0,500.0,30.0,50.0,480.0
928,EasyMotion,NeoVoltSport,2599.0,45.0,350.0,20.0,50.0,316.8
929,EasyMotion,NeoCity,2799.0,52.0,350.0,25.0,45.0,316.8
930,Kalkhoff,ProConnectX27,3499.0,54.0,250.0,40.0,55.0,414.0
931,Kalkhoff,SahelCompacti8,3699.0,37.0,250.0,45.0,70.0,396.0
932,Kalkhoff,Saheli8,3499.0,48.0,250.0,65.0,90.0,540.0
933,Kalkhoff,ProConnectC8,2999.0,48.0,250.0,30.0,55.0,302.0
934,Kalkhoff,TasmanTourC8Premium,3399.0,48.0,250.0,50.0,70.0,396.0
935,Focus,JarifaOffroadPremiumXT,3850.0,48.0,250.0,40.0,55.0,414.0
936,A2B,Alva+,3400.0,66.0,500.0,25.0,55.0,486.0
937,IZIP,E3Metro,2800.0,55.0,500.0,25.0,35.0,374.4
938,Optibike,PioneerAllroad,2795.0,49.0,500.0,25.0,35.0,390.0
939,Pedego,Interceptor,2895.0,61.0,500.0,30.0,50.0,480.0
940,IZIP,2014E3Zuma,2400.0,53.0,500.0,25.0,35.0,374.4
941,EasyMotion,Neo650B,2999.0,49.0,350.0,20.0,40.0,316.8
942,EasyMotion,NeoCarbon,4499.0,45.0,350.0,25.0,45.0,316.8
943,eZip,TrailzCommuter,999.0,65.0,450.0,15.0,25.0,230.0
944,Volton,ELLegs5,1949.0,45.0,500.0,35.0,45.0,378.0
945,Volton,AlationST500,1999.0,51.0,500.0,30.0,40.0,396.0
946,Volton,Alation500,2199.0,53.0,500.0,35.0,45.0,528.0
947,e-Joe,Anggun,1699.0,54.0,350.0,35.0,45.0,576.0
948,Volton,Alation500,2199.0,53.0,500.0,35.0,45.0,528.0
949,e-Joe,Anggun,1699.0,54.0,350.0,35.0,45.0,576.0
950,e-Joe,EpikSE,1549.0,37.0,250.0,15.0,25.0,252.0
951,e-Joe,EpikLite,1349.0,37.0,350.0,15.0,25.0,252.0
952,EasyMotion,NeoXtrem,2799.0,50.0,350.0,20.0,40.0,316.8
953,Xtracycle,EdgeRunnerElectric27D,3899.0,62.0,350.0,25.0,55.0,422.0
954,Stealth,Bomber,9900.0,116.0,4500.0,25.0,40.0,1440.0
955,Stealth,Fighter,7900.0,75.0,3000.0,30.0,40.0,960.0
956,Grace,Easy,3200.0,42.0,350.0,40.0,65.0,302.0
957,Outrider,2013422Alpha,11995.0,100.0,750.0,100.0,165.0,2200.0
958,Motiv,Spark,1749.0,49.0,500.0,35.0,45.0,480.0
959,Motiv,Sleek,1749.99,48.0,,35.0,45.0,480.0
960,eProdigy,2014Logan,2199.0,51.0,350.0,25.0,30.0,325.6
961,eProdigy,Whistler,1999.0,48.0,350.0,25.0,30.0,325.6
962,Electra,TownieGo,2200.0,52.0,350.0,20.0,30.0,288.0
963,OHM,XU450E2,2899.0,49.0,250.0,20.0,30.0,216.0
964,Flight,ECB-26L-A,1799.0,45.0,250.0,25.0,35.0,216.0
965,Optibike,SIMBB29C,5700.0,42.0,600.0,35.0,45.0,481.0
966,Optibike,R11:OffRoadOnly,13990.0,63.0,385.0,35.0,45.0,875.0
967,Optibike,R8HD:HeavyDuty,12990.0,62.0,300.0,35.0,55.0,962.0
968,Optibike,R8:All-Around,11990.0,59.0,300.0,35.0,55.0,962.0
969,IZIP,2014E3Dash,2600.0,49.4,500.0,25.0,45.0,417.6
970,IZIP,2014E3Peak,3000.0,48.6,350.0,25.0,35.0,417.6
971,eFlow,E3Flight,3000.0,50.0,500.0,20.0,35.0,396.0
972,ProdecoTech,PhantomX3,1899.0,59.0,500.0,35.0,50.0,614.4
973,ProdecoTech,PhantomX,1399.0,55.0,500.0,25.0,30.0,354.6
974,ProdecoTech,Stride500,1299.0,55.0,500.0,25.0,30.0,345.6
975,ProdecoTech,OutlawEX,2199.0,62.0,750.0,25.0,30.0,460.8
976,ProdecoTech,Mariner7,1399.0,46.0,300.0,25.0,35.0,345.6
977,Dahon,FormulaS18,3000.0,39.5,350.0,30.0,45.0,316.8
978,Haibike,XDUROAMTPro27.5,7800.0,46.5,350.0,35.0,65.0,396.0
979,Ford,Supercruiser,3595.0,60.0,600.0,15.0,30.0,480.0
980,F4W,Ride,1799.0,46.0,350.0,25.0,35.0,324.0
981,A2B,Kuo,1399.0,39.5,250.0,20.0,25.0,216.0
982,A2B,Octave,3399.0,87.5,500.0,20.0,25.0,475.2
983,Stromer,ST1Platinum,4399.0,62.0,500.0,40.0,55.0,522.0
984,Stromer,ST1Elite,3599.0,62.0,500.0,30.0,45.0,396.0
985,Yuba,elBodaBoda,2797.0,58.0,350.0,35.0,55.0,355.2
986,Pedego,TrailTracker,2975.0,65.0,600.0,,,480.0
987,IZIP,IZIPE3Metro,2699.0,55.0,500.0,20.0,35.0,360.0
988,Hebb,ElectroGlide1000,2599.0,62.0,500.0,20.0,30.0,518.0
989,Hebb,ElectroGlide500,2599.0,59.0,350.0,20.0,30.0,370.0
990,EZPedaler,T350,1895.0,57.0,350.0,20.0,30.0,432.0
991,EZPedaler,C350,1895.0,59.0,350.0,20.0,30.0,432.0
992,IZIP,E3Compact,2150.0,42.0,250.0,15.0,25.0,315.0
993,iGo,Urban,1599.0,56.0,250.0,20.0,40.0,360.0
994,"IES(InternationalEcologicalSystems,Ltd.)",Centaur,2000.0,88.0,190.0,25.0,30.0,
995,VeloMini,3Speed,1295.0,33.0,180.0,9.0,12.0,216.0
996,VeloMini,1Speed,1095.0,33.0,180.0,7.0,10.0,144.0
997,e-MazingInnovations,bob,1199.0,35.0,180.0,20.0,30.0,324.0
998,eZip,Skyline,899.0,52.0,250.0,15.0,25.0,240.0
999,EasyMotion,NeoXtrem,2699.0,54.0,350.0,25.0,45.0,316.8
1000,EasyMotion,NeoRace,3099.0,42.0,350.0,25.0,45.0,316.8
1001,EasyMotion,NeoCross,2699.0,48.0,350.0,20.0,40.0,316.8
1002,IZIP,E3Path,1699.0,52.0,250.0,15.0,25.0,240.0
1003,Bodhi,Sport,2500.0,59.0,250.0,10.0,20.0,208.8
1004,EZPedaler,F300,1479.0,52.0,250.0,20.0,30.0,360.0
1005,Bodhi,Step-Thru,2500.0,58.0,250.0,10.0,20.0,208.8
1006,EasyMotion,NeoJumper,4099.0,48.0,350.0,20.0,40.0,316.8
1007,OHM,SportXS750,4399.0,57.0,350.0,20.0,40.0,422.4
1008,EZPedaler,C300,1895.0,58.0,300.0,20.0,30.0,432.0
1009,EZPedaler,T300,1895.0,56.0,300.0,20.0,30.0,432.0
1010,JuicedRiders,ODKU500,2199.0,72.5,500.0,35.0,40.0,720.0
1011,Yuba,2012elMundo,2599.0,68.0,500.0,10.0,15.0,360.0
1012,IZIP,2013E3Zuma,2199.0,57.0,500.0,20.0,30.0,410.4
1013,eZip,Tri-Ride,1399.0,107.0,500.0,20.0,25.0,432.0
1014,Pedego,Trike,2895.0,65.0,350.0,15.0,25.0,360.0
1015,A2B,Velociti,2199.0,60.0,450.0,20.0,25.0,475.2
1016,Pedego,Interceptor,2495.0,60.0,500.0,15.0,30.0,480.0
1017,eFlow,E3Nitro,3500.0,52.0,500.0,30.0,45.0,522.0
1018,Pedego,TandemCruiser,2675.0,80.0,500.0,15.0,25.0,480.0
1019,Volton,2013Alation500,2199.0,56.0,500.0,25.0,40.0,528.0
1020,Specialized,Turbo,5900.0,47.5,250.0,25.0,45.0,324.0
1021,Polaris,Strive,2499.0,53.0,450.0,15.0,30.0,177.6
1022,IZIP,Express,2799.0,62.0,750.0,30.0,50.0,720.0
1023,Electra,2013TownieGo,2200.0,52.0,250.0,20.0,30.0,288.0
1024,Faraday,(Prototype)Porteur,3800.0,39.0,250.0,15.0,20.0,195.0
1025,EVGlobalMotors,ebikeSX,2000.0,75.0,500.0,15.0,20.0,288.0
1026,EVELO,2013Aries,1995.0,65.5,250.0,20.0,40.0,360.0
1027,IZIP,E3Ultra,2899.0,53.5,500.0,20.0,35.0,360.0
1028,EVELO,2013Aurora,1995.0,55.0,250.0,20.0,40.0,360.0
1029,Polaris,Vector,2499.0,53.0,450.0,15.0,30.0,177.6
1030,IZIP,E3Vibe,999.0,63.0,250.0,15.0,25.0,240.0
1031,A2B,Metro,2700.0,72.0,500.0,20.0,25.0,410.4
1032,Stromer,Sport,3399.0,62.0,500.0,20.0,40.0,360.0
1033,Pedego,CityCommuter,2495.0,57.0,500.0,15.0,40.0,480.0
1034,Pedego,ClassicComfortCruiser,1995.0,59.0,500.0,15.0,30.0,360.0
1035,RideKick,2013PowerTrailer,699.0,43.0,500.0,10.0,15.0,288.0
1036,eZip,Trailz,699.0,68.0,450.0,10.0,15.0,240.0
1037,IZIP,TrekkingEnlightened,1999.0,52.0,180.0,15.0,25.0,240.0
